Feature,R²,Adjusted R²,Coefficient,t-value,p-value,95% CI Lower,95% CI Upper,F-statistic,F p-value,Pearson r,Pearson p-value
SASA_total,8.80562428948739e-05,-4.2959473006254356e-05,0.0005290245221833811,0.8198197538279163,0.4123444697041073,-0.0007359284983575057,0.0017939775427242679,0.6721044287645821,0.41234446970505756,0.00938382879719328,0.4123444697043653
Hydrophobic_SASA,0.00103823125985969,0.0009073400427815903,0.0018165308518705051,2.816383539659672,0.004869231051213412,0.0005521789904798522,0.003080882713261158,7.932016242466078,0.004869231051209369,0.032221596171818204,0.004869231051213012
Hydrophilic_SASA,0.001272922434815138,0.001142061968677166,-0.0020113919067110955,-3.118866164842517,0.00182224363735182,-0.0032755952390671832,-0.0007471885743550078,9.727326154201778,0.0018222436373487418,-0.035678038550554375,0.0018222436373519437
Interdomain_Angle,0.08862683968234475,0.0885074249600809,0.01678333871756127,27.242922514473836,4.864880148062887e-156,0.015575687188086856,0.017990990247035682,742.1768271296238,4.864880148062338e-156,0.29770260274701094,4.86488014807031e-156
Radius_of_Gyration,0.05286543684635614,0.05274133640569134,-0.01296228722484732,-20.63950374037871,3.8459055091722596e-92,-0.014193404317672253,-0.011731170132022389,425.9891146491079,3.8459055091676195e-92,-0.22992485043238794,3.845905509174278e-92
Phi_mean,0.02057195885702201,0.02044362709062486,0.008085996545028305,12.661079550664775,2.2515943195092092e-36,0.0068340672980963845,0.009337925791960227,160.30293538825933,2.251594319511085e-36,0.14342928172804204,2.251594319511785e-36
Psi_mean,0.010768858974839146,0.010639242735187016,-0.005850332810758655,-9.114967739710519,9.903098043650022e-20,-0.007108511741216827,-0.004592153880300483,83.08263689596248,9.903098043649705e-20,-0.10377311296689115,9.903098043653892e-20
Torsion_angle,0.005303915753555155,0.005173583457401265,-0.004105764511056745,-6.379289116434267,1.882887862030503e-10,-0.005367414018784424,-0.0028441150033290665,40.6953296310595,1.8828878620272637e-10,-0.0728279874330952,1.8828878620286053e-10
COM_N_C,0.21752421879436856,0.2174216931416949,-0.02629356881453672,-46.06144280723595,0.0,-0.027412565939288255,-0.025174571689785184,2121.6565134842713,0.0,-0.46639491720468895,0.0
